Workbook

Sheet Dashboard
A1: MEGA KALKULATOR BUDŻETOWY 2026–2027 | DASHBOARD
A4: Instrukcja obsługi:
A5: 1. 'Ustawienia' — parametry: indeksacja 2027, przenoszenie budżetu, cele oszczędnościowe.
A6: 2. 'Budżet 2026' / 'Budżet 2027' — planowane kwoty miesięczne. Rok 2027 wylicza się z 2026 (można nadpisać).
A7: 3. 'Rollover 2026' / 'Rollover 2027' — wpisujesz WYKONANIE; niewydany budżet przechodzi na kolejny miesiąc.
A8: 4. 'Statystyki' — 8 sekcji analitycznych: przepływy, struktura, TOP 10, koszty stałe/zmienne, wskaźniki.
A9: 5. Ten arkusz aktualizuje się automatycznie — wykresy i KPI liczone są z powyższych arkuszy.
A11: PODSUMOWANIE ROCZNE
A12: Rok | B12: Łączne przychody | C12: Wydatki konsumpcyjne | D12: Oszczędności / inwestycje | E12: Bilans (wolne środki) | F12: Stopa oszczędności
A13: Rok 2026 | B13: =Statystyki!B17 -> 7026 | C13: =Statystyki!C17 -> 5924 | D13: =Statystyki!D17 -> 8000 | E13: =Statystyki!E17 -> -6898 | F13: =Statystyki!G17 -> 0.156846
A14: Rok 2027 | B14: =Statystyki!B34 -> 0 | C14: =Statystyki!C34 -> #REF! | D14: =Statystyki!D34 -> 0 | E14: =Statystyki!E34 -> #REF! | F14: =Statystyki!G34 -> 0
A15: RAZEM 2026+2027 | B15: =B13+B14 -> 7026 | C15: =C13+C14 -> #REF! | D15: =D13+D14 -> 8000 | E15: =E13+E14 -> #REF! | F15: =IFERROR((B15-C15)/B15,0) -> 0
A17: KLUCZOWE WSKAŹNIKI 2026
A18: Średni przychód miesięczny | B18: =Statystyki!B67 -> 585.5
A19: Średni wydatek miesięczny | B19: =Statystyki!B68 -> 493.66667
A20: Koszt jednego dnia życia | B20: =Statystyki!B79 -> 16.230137
A21: Największa kategoria kosztowa | B21: =Statystyki!B80 -> FINANSE I OSZCZĘDNOŚCI
A22: Udział największej kategorii | B22: =Statystyki!B81 -> 0.57454754
A23: Roczna stopa oszczędności | B23: =Statystyki!B75 -> 0.156846
A24: Realizacja celu oszczędności | B24: =Statystyki!B77 -> 0
A25: Koszty stałe (rok) | B25: =Statystyki!B61 -> 1624
A26: Koszty zmienne (rok) | B26: =Statystyki!B62 -> 4300
A27: Oszczędności i inwestycje (rok) | B27: =Statystyki!B63 -> 8000
A28: Pozycje bez danych | B28: =Statystyki!B89 -> 34
A29: Niewykorzystany budżet na koniec roku | B29: =Statystyki!E104 -> #REF!
A31: WYKRESY (odświeżają się automatycznie po zmianie danych)

Sheet Statystyki
A1: STATYSTYKI I ANALIZA BUDŻETU
R2: Blok pomocniczy do rankingów (nie usuwaj). Kolumna U = klasyfikacja kosztu, można edytować.
A3: 1. PRZEPŁYWY MIESIĘCZNE 2026
A4: Miesiąc | B4: Przychody | C4: Wydatki konsumpcyjne | D4: Oszczędności / inwestycje | E4: Bilans miesiąca | F4: Bilans skumulowany | G4: Stopa oszczędności | H4: Odchylenie od celu | R4: ='Budżet 2026'!B14 -> Czynsz / Rata kredytu | S4: ='Budżet 2026'!O14 -> 0 | T4: =S4+ROW()/1000000 -> 4e-06 | U4: Stałe | V4: MIESZKANIE
A5: Styczeń | B5: ='Budżet 2026'!C11 -> 0 | C5: ='Budżet 2026'!C26+'Budżet 2026'!C38+'Budżet 2026'!C49+'Budżet 2026'!C57+'Budżet 2026'!C68 -> 0 | D5: ='Budżet 2026'!C76 -> 0 | E5: =B5-C5-D5 -> 0 | F5: =E5 -> 0 | G5: =IFERROR((B5-C5)/B5,0) -> 0 | H5: =D5+E5-#REF! -> #REF! | R5: ='Budżet 2026'!B15 -> Czynsz administracyjny | S5: ='Budżet 2026'!O15 -> 0 | T5: =S5+ROW()/1000000 -> 5e-06 | U5: Stałe | V5: MIESZKANIE
A6: Luty | B6: ='Budżet 2026'!D11 -> 0 | C6: ='Budżet 2026'!D26+'Budżet 2026'!D38+'Budżet 2026'!D49+'Budżet 2026'!D57+'Budżet 2026'!D68 -> 0 | D6: ='Budżet 2026'!D76 -> 0 | E6: =B6-C6-D6 -> 0 | F6: =F5+E6 -> 0 | G6: =IFERROR((B6-C6)/B6,0) -> 0 | H6: =D6+E6-#REF! -> #REF! | R6: ='Budżet 2026'!B16 -> Prąd | S6: ='Budżet 2026'!O16 -> 271 | T6: =S6+ROW()/1000000 -> 271.00001 | U6: Stałe | V6: MIESZKANIE
A7: Marzec | B7: ='Budżet 2026'!E11 -> 0 | C7: ='Budżet 2026'!E26+'Budżet 2026'!E38+'Budżet 2026'!E49+'Budżet 2026'!E57+'Budżet 2026'!E68 -> 0 | D7: ='Budżet 2026'!E76 -> 0 | E7: =B7-C7-D7 -> 0 | F7: =F6+E7 -> 0 | G7: =IFERROR((B7-C7)/B7,0) -> 0 | H7: =D7+E7-#REF! -> #REF! | R7: ='Budżet 2026'!B17 -> Woda i ścieki | S7: ='Budżet 2026'!O17 -> 0 | T7: =S7+ROW()/1000000 -> 7e-06 | U7: Stałe | V7: MIESZKANIE
A8: Kwiecień | B8: ='Budżet 2026'!F11 -> 0 | C8: ='Budżet 2026'!F26+'Budżet 2026'!F38+'Budżet 2026'!F49+'Budżet 2026'!F57+'Budżet 2026'!F68 -> 0 | D8: ='Budżet 2026'!F76 -> 0 | E8: =B8-C8-D8 -> 0 | F8: =F7+E8 -> 0 | G8: =IFERROR((B8-C8)/B8,0) -> 0 | H8: =D8+E8-#REF! -> #REF! | R8: ='Budżet 2026'!B18 -> Gaz | S8: ='Budżet 2026'!O18 -> 200 | T8: =S8+ROW()/1000000 -> 200.00001 | U8: Stałe | V8: MIESZKANIE
A9: Maj | B9: ='Budżet 2026'!G11 -> 0 | C9: ='Budżet 2026'!G26+'Budżet 2026'!G38+'Budżet 2026'!G49+'Budżet 2026'!G57+'Budżet 2026'!G68 -> 0 | D9: ='Budżet 2026'!G76 -> 0 | E9: =B9-C9-D9 -> 0 | F9: =F8+E9 -> 0 | G9: =IFERROR((B9-C9)/B9,0) -> 0 | H9: =D9+E9-#REF! -> #REF! | R9: ='Budżet 2026'!B19 -> Ogrzewanie | S9: ='Budżet 2026'!O19 -> 0 | T9: =S9+ROW()/1000000 -> 9e-06 | U9: Stałe | V9: MIESZKANIE
A10: Czerwiec | B10: ='Budżet 2026'!H11 -> 0 | C10: ='Budżet 2026'!H26+'Budżet 2026'!H38+'Budżet 2026'!H49+'Budżet 2026'!H57+'Budżet 2026'!H68 -> 0 | D10: ='Budżet 2026'!H76 -> 0 | E10: =B10-C10-D10 -> 0 | F10: =F9+E10 -> 0 | G10: =IFERROR((B10-C10)/B10,0) -> 0 | H10: =D10+E10-#REF! -> #REF! | R10: ='Budżet 2026'!B20 -> Wywóz nieczystości | S10: ='Budżet 2026'!O20 -> 0 | T10: =S10+ROW()/1000000 -> 1e-05 | U10: Stałe | V10: MIESZKANIE
A11: Lipiec | B11: ='Budżet 2026'!I11 -> 4063 | C11: ='Budżet 2026'!I26+'Budżet 2026'!I38+'Budżet 2026'!I49+'Budżet 2026'!I57+'Budżet 2026'!I68 -> 5378 | D11: ='Budżet 2026'!I76 -> 8000 | E11: =B11-C11-D11 -> -9315 | F11: =F10+E11 -> -9315 | G11: =IFERROR((B11-C11)/B11,0) -> -0.32365247 | H11: =D11+E11-#REF! -> #REF! | R11: ='Budżet 2026'!B21 -> Internet / Wi-Fi | S11: ='Budżet 2026'!O21 -> 385 | T11: =S11+ROW()/1000000 -> 385.00001 | U11: Stałe | V11: MIESZKANIE
A12: Sierpień | B12: ='Budżet 2026'!J11 -> 2963 | C12: ='Budżet 2026'!J26+'Budżet 2026'!J38+'Budżet 2026'!J49+'Budżet 2026'!J57+'Budżet 2026'!J68 -> 326 | D12: ='Budżet 2026'!J76 -> 0 | E12: =B12-C12-D12 -> 2637 | F12: =F11+E12 -> -6678 | G12: =IFERROR((B12-C12)/B12,0) -> 0.88997638 | H12: =D12+E12-#REF! -> #REF! | R12: ='Budżet 2026'!B22 -> Telewizja | S12: ='Budżet 2026'!O22 -> 0 | T12: =S12+ROW()/1000000 -> 1.2e-05 | U12: Stałe | V12: MIESZKANIE
A13: Wrzesień | B13: ='Budżet 2026'!K11 -> 0 | C13: ='Budżet 2026'!K26+'Budżet 2026'!K38+'Budżet 2026'!K49+'Budżet 2026'!K57+'Budżet 2026'!K68 -> 55 | D13: ='Budżet 2026'!K76 -> 0 | E13: =B13-C13-D13 -> -55 | F13: =F12+E13 -> -6733 | G13: =IFERROR((B13-C13)/B13,0) -> 0 | H13: =D13+E13-#REF! -> #REF! | R13: ='Budżet 2026'!B23 -> Ubezpieczenie nieruchomości | S13: ='Budżet 2026'!O23 -> 0 | T13: =S13+ROW()/1000000 -> 1.3e-05 | U13: Stałe | V13: MIESZKANIE
A14: Październik | B14: ='Budżet 2026'!L11 -> 0 | C14: ='Budżet 2026'!L26+'Budżet 2026'!L38+'Budżet 2026'!L49+'Budżet 2026'!L57+'Budżet 2026'!L68 -> 55 | D14: ='Budżet 2026'!L76 -> 0 | E14: =B14-C14-D14 -> -55 | F14: =F13+E14 -> -6788 | G14: =IFERROR((B14-C14)/B14,0) -> 0 | H14: =D14+E14-#REF! -> #REF! | R14: ='Budżet 2026'!B24 -> Serwis/Naprawy domowe | S14: ='Budżet 2026'!O24 -> 0 | T14: =S14+ROW()/1000000 -> 1.4e-05 | U14: Zmienne | V14: MIESZKANIE
A15: Listopad | B15: ='Budżet 2026'!M11 -> 0 | C15: ='Budżet 2026'!M26+'Budżet 2026'!M38+'Budżet 2026'!M49+'Budżet 2026'!M57+'Budżet 2026'!M68 -> 55 | D15: ='Budżet 2026'!M76 -> 0 | E15: =B15-C15-D15 -> -55 | F15: =F14+E15 -> -6843 | G15: =IFERROR((B15-C15)/B15,0) -> 0 | H15: =D15+E15-#REF! -> #REF! | R15: ='Budżet 2026'!B25 -> Środki czystości/Chemia | S15: ='Budżet 2026'!O25 -> 0 | T15: =S15+ROW()/1000000 -> 1.5e-05 | U15: Zmienne | V15: MIESZKANIE
A16: Grudzień | B16: ='Budżet 2026'!N11 -> 0 | C16: ='Budżet 2026'!N26+'Budżet 2026'!N38+'Budżet 2026'!N49+'Budżet 2026'!N57+'Budżet 2026'!N68 -> 55 | D16: ='Budżet 2026'!N76 -> 0 | E16: =B16-C16-D16 -> -55 | F16: =F15+E16 -> -6898 | G16: =IFERROR((B16-C16)/B16,0) -> 0 | H16: =D16+E16-#REF! -> #REF! | R16: ='Budżet 2026'!B29 -> Paliwo | S16: ='Budżet 2026'!O29 -> 0 | T16: =S16+ROW()/1000000 -> 1.6e-05 | U16: Zmienne | V16: TRANSPORT
A17: RAZEM / ŚREDNIA | B17: =SUM(B5:B16) -> 7026 | C17: =SUM(C5:C16) -> 5924 | D17: =SUM(D5:D16) -> 8000 | E17: =SUM(E5:E16) -> -6898 | F17: =F16 -> -6898 | G17: =IFERROR((B17-C17)/B17,0) -> 0.156846 | H17: =SUM(H5:H16) -> #REF! | R17: ='Budżet 2026'!B30 -> Rata kredytu/leasingu auta | S17: ='Budżet 2026'!O30 -> 0 | T17: =S17+ROW()/1000000 -> 1.7e-05 | U17: Stałe | V17: TRANSPORT
R18: ='Budżet 2026'!B31 -> Ubezpieczenie (OC/AC) | S18: ='Budżet 2026'!O31 -> 0 | T18: =S18+ROW()/1000000 -> 1.8e-05 | U18: Stałe | V18: TRANSPORT
R19: ='Budżet 2026'!B32 -> Przegląd techniczny / Serwis | S19: ='Budżet 2026'!O32 -> 0 | T19: =S19+ROW()/1000000 -> 1.9e-05 | U19: Zmienne | V19: TRANSPORT
A20: 2. PRZEPŁYWY MIESIĘCZNE 2027 | R20: ='Budżet 2026'!B33 -> Opony (wymiana/serwis) | S20: ='Budżet 2026'!O33 -> 0 | T20: =S20+ROW()/1000000 -> 2e-05 | U20: Zmienne | V20: TRANSPORT
A21: Miesiąc | B21: Przychody | C21: Wydatki konsumpcyjne | D21: Oszczędności / inwestycje | E21: Bilans miesiąca | F21: Bilans skumulowany | G21: Stopa oszczędności | H21: Odchylenie od celu | R21: ='Budżet 2026'!B34 -> Bilety komunikacji miejskiej / PKP | S21: ='Budżet 2026'!O34 -> 50 | T21: =S21+ROW()/1000000 -> 50.000021 | U21: Zmienne | V21: TRANSPORT
A22: Styczeń | B22: ='Budżet 2027'!C11 -> 0 | C22: ='Budżet 2027'!C26+'Budżet 2027'!C38+'Budżet 2027'!C49+'Budżet 2027'!C57+'Budżet 2027'!C68 -> #REF! | D22: ='Budżet 2027'!C76 -> 0 | E22: =B22-C22-D22 -> #REF! | F22: =E22 -> #REF! | G22: =IFERROR((B22-C22)/B22,0) -> 0 | H22: =D22+E22-#REF! -> #REF! | R22: ='Budżet 2026'!B35 -> Taxi / Uber / Bolt | S22: ='Budżet 2026'!O35 -> 0 | T22: =S22+ROW()/1000000 -> 2.2e-05 | U22: Zmienne | V22: TRANSPORT
A23: Luty | B23: ='Budżet 2027'!D11 -> 0 | C23: ='Budżet 2027'!D26+'Budżet 2027'!D38+'Budżet 2027'!D49+'Budżet 2027'!D57+'Budżet 2027'!D68 -> #REF! | D23: ='Budżet 2027'!D76 -> 0 | E23: =B23-C23-D23 -> #REF! | F23: =F22+E23 -> #REF! | G23: =IFERROR((B23-C23)/B23,0) -> 0 | H23: =D23+E23-#REF! -> #REF! | R23: ='Budżet 2026'!B36 -> Parkingi / Autostrady | S23: ='Budżet 2026'!O36 -> 0 | T23: =S23+ROW()/1000000 -> 2.3e-05 | U23: Zmienne | V23: TRANSPORT
A24: Marzec | B24: ='Budżet 2027'!E11 -> 0 | C24: ='Budżet 2027'!E26+'Budżet 2027'!E38+'Budżet 2027'!E49+'Budżet 2027'!E57+'Budżet 2027'!E68 -> #REF! | D24: ='Budżet 2027'!E76 -> 0 | E24: =B24-C24-D24 -> #REF! | F24: =F23+E24 -> #REF! | G24: =IFERROR((B24-C24)/B24,0) -> 0 | H24: =D24+E24-#REF! -> #REF! | R24: ='Budżet 2026'!B37 -> Akcesoria samochodowe | S24: ='Budżet 2026'!O37 -> 0 | T24: =S24+ROW()/1000000 -> 2.4e-05 | U24: Zmienne | V24: TRANSPORT
A25: Kwiecień | B25: ='Budżet 2027'!F11 -> 0 | C25: ='Budżet 2027'!F26+'Budżet 2027'!F38+'Budżet 2027'!F49+'Budżet 2027'!F57+'Budżet 2027'!F68 -> #REF! | D25: ='Budżet 2027'!F76 -> 0 | E25: =B25-C25-D25 -> #REF! | F25: =F24+E25 -> #REF! | G25: =IFERROR((B25-C25)/B25,0) -> 0 | H25: =D25+E25-#REF! -> #REF! | R25: ='Budżet 2026'!B41 -> Zakupy spożywcze (market) | S25: ='Budżet 2026'!O41 -> 500 | T25: =S25+ROW()/1000000 -> 500.00002 | U25: Zmienne | V25: ŻYCIE I ZDROWIE
A26: Maj | B26: ='Budżet 2027'!G11 -> 0 | C26: ='Budżet 2027'!G26+'Budżet 2027'!G38+'Budżet 2027'!G49+'Budżet 2027'!G57+'Budżet 2027'!G68 -> #REF! | D26: ='Budżet 2027'!G76 -> 0 | E26: =B26-C26-D26 -> #REF! | F26: =F25+E26 -> #REF! | G26: =IFERROR((B26-C26)/B26,0) -> 0 | H26: =D26+E26-#REF! -> #REF! | R26: ='Budżet 2026'!B42 -> Jedzenie na mieście / Catering | S26: ='Budżet 2026'!O42 -> 300 | T26: =S26+ROW()/1000000 -> 300.00003 | U26: Zmienne | V26: ŻYCIE I ZDROWIE
A27: Czerwiec | B27: ='Budżet 2027'!H11 -> 0 | C27: ='Budżet 2027'!H26+'Budżet 2027'!H38+'Budżet 2027'!H49+'Budżet 2027'!H57+'Budżet 2027'!H68 -> #REF! | D27: ='Budżet 2027'!H76 -> 0 | E27: =B27-C27-D27 -> #REF! | F27: =F26+E27 -> #REF! | G27: =IFERROR((B27-C27)/B27,0) -> 0 | H27: =D27+E27-#REF! -> #REF! | R27: ='Budżet 2026'!B43 -> Prywatne wizyty lekarskie | S27: ='Budżet 2026'!O43 -> 2000 | T27: =S27+ROW()/1000000 -> 2000 | U27: Zmienne | V27: ŻYCIE I ZDROWIE
A28: Lipiec | B28: ='Budżet 2027'!I11 -> 0 | C28: ='Budżet 2027'!I26+'Budżet 2027'!I38+'Budżet 2027'!I49+'Budżet 2027'!I57+'Budżet 2027'!I68 -> #REF! | D28: ='Budżet 2027'!I76 -> 0 | E28: =B28-C28-D28 -> #REF! | F28: =F27+E28 -> #REF! | G28: =IFERROR((B28-C28)/B28,0) -> 0 | H28: =D28+E28-#REF! -> #REF! | R28: ='Budżet 2026'!B44 -> Leki i suplementy | S28: ='Budżet 2026'!O44 -> 0 | T28: =S28+ROW()/1000000 -> 2.8e-05 | U28: Zmienne | V28: ŻYCIE I ZDROWIE
A29: Sierpień | B29: ='Budżet 2027'!J11 -> 0 | C29: ='Budżet 2027'!J26+'Budżet 2027'!J38+'Budżet 2027'!J49+'Budżet 2027'!J57+'Budżet 2027'!J68 -> #REF! | D29: ='Budżet 2027'!J76 -> 0 | E29: =B29-C29-D29 -> #REF! | F29: =F28+E29 -> #REF! | G29: =IFERROR((B29-C29)/B29,0) -> 0 | H29: =D29+E29-#REF! -> #REF! | R29: ='Budżet 2026'!B45 -> Dentysta | S29: ='Budżet 2026'!O45 -> 0 | T29: =S29+ROW()/1000000 -> 2.9e-05 | U29: Zmienne | V29: ŻYCIE I ZDROWIE
A30: Wrzesień | B30: ='Budżet 2027'!K11 -> 0 | C30: ='Budżet 2027'!K26+'Budżet 2027'!K38+'Budżet 2027'!K49+'Budżet 2027'!K57+'Budżet 2027'!K68 -> #REF! | D30: ='Budżet 2027'!K76 -> 0 | E30: =B30-C30-D30 -> #REF! | F30: =F29+E30 -> #REF! | G30: =IFERROR((B30-C30)/B30,0) -> 0 | H30: =D30+E30-#REF! -> #REF! | R30: ='Budżet 2026'!B46 -> Karnet sportowy / Siłownia | S30: ='Budżet 2026'!O46 -> 0 | T30: =S30+ROW()/1000000 -> 3e-05 | U30: Stałe | V30: ŻYCIE I ZDROWIE
A31: Październik | B31: ='Budżet 2027'!L11 -> 0 | C31: ='Budżet 2027'!L26+'Budżet 2027'!L38+'Budżet 2027'!L49+'Budżet 2027'!L57+'Budżet 2027'!L68 -> #REF! | D31: ='Budżet 2027'!L76 -> 0 | E31: =B31-C31-D31 -> #REF! | F31: =F30+E31 -> #REF! | G31: =IFERROR((B31-C31)/B31,0) -> 0 | H31: =D31+E31-#REF! -> #REF! | R31: ='Budżet 2026'!B47 -> Kosmetyczka / Fryzjer | S31: ='Budżet 2026'!O47 -> 0 | T31: =S31+ROW()/1000000 -> 3.1e-05 | U31: Zmienne | V31: ŻYCIE I ZDROWIE
A32: Listopad | B32: ='Budżet 2027'!M11 -> 0 | C32: ='Budżet 2027'!M26+'Budżet 2027'!M38+'Budżet 2027'!M49+'Budżet 2027'!M57+'Budżet 2027'!M68 -> #REF! | D32: ='Budżet 2027'!M76 -> 0 | E32: =B32-C32-D32 -> #REF! | F32: =F31+E32 -> #REF! | G32: =IFERROR((B32-C32)/B32,0) -> 0 | H32: =D32+E32-#REF! -> #REF! | R32: ='Budżet 2026'!B48 -> Odzież i obuwie | S32: ='Budżet 2026'!O48 -> 0 | T32: =S32+ROW()/1000000 -> 3.2e-05 | U32: Zmienne | V32: ŻYCIE I ZDROWIE
A33: Grudzień | B33: ='Budżet 2027'!N11 -> 0 | C33: ='Budżet 2027'!N26+'Budżet 2027'!N38+'Budżet 2027'!N49+'Budżet 2027'!N57+'Budżet 2027'!N68 -> #REF! | D33: ='Budżet 2027'!N76 -> 0 | E33: =B33-C33-D33 -> #REF! | F33: =F32+E33 -> #REF! | G33: =IFERROR((B33-C33)/B33,0) -> 0 | H33: =D33+E33-#REF! -> #REF! | R33: ='Budżet 2026'!B52 -> Czesne za studia / Szkołę | S33: ='Budżet 2026'!O52 -> 768 | T33: =S33+ROW()/1000000 -> 768.00003 | U33: Stałe | V33: ROZWÓJ I EDUKACJA
A34: RAZEM / ŚREDNIA | B34: =SUM(B22:B33) -> 0 | C34: =SUM(C22:C33) -> #REF! | D34: =SUM(D22:D33) -> 0 | E34: =SUM(E22:E33) -> #REF! | F34: =F33 -> #REF! | G34: =IFERROR((B34-C34)/B34,0) -> 0 | H34: =SUM(H22:H33) -> #REF! | R34: ='Budżet 2026'!B53 -> Kursy online / Szkolenia | S34: ='Budżet 2026'!O53 -> 0 | T34: =S34+ROW()/1000000 -> 3.4e-05 | U34: Zmienne | V34: ROZWÓJ I EDUKACJA
R35: ='Budżet 2026'!B54 -> Książki / E-booki | S35: ='Budżet 2026'!O54 -> 0 | T35: =S35+ROW()/1000000 -> 3.5e-05 | U35: Zmienne | V35: ROZWÓJ I EDUKACJA
A36: 3. STRUKTURA WYDATKÓW WEDŁUG KATEGORII | R36: ='Budżet 2026'!B55 -> Subskrypcje edukacyjne | S36: ='Budżet 2026'!O55 -> 0 | T36: =S36+ROW()/1000000 -> 3.6e-05 | U36: Stałe | V36: ROZWÓJ I EDUKACJA
A37: Kategoria | B37: Rok 2026 | C37: % wydatków 2026 | D37: Średnio / miesiąc | E37: Rok 2027 | F37: Zmiana 2027 vs 2026 | G37: Miesiąc max | H37: Miesiąc min | R37: ='Budżet 2026'!B56 -> Sprzęt edukacyjny (laptop, tablet) | S37: ='Budżet 2026'!O56 -> 0 | T37: =S37+ROW()/1000000 -> 3.7e-05 | U37: Zmienne | V37: ROZWÓJ I EDUKACJA
A38: MIESZKANIE | B38: ='Budżet 2026'!O26 -> 856 | C38: =IFERROR(B38/$B$44,0) -> 0.061476587 | D38: =B38/12 -> 71.333333 | E38: ='Budżet 2027'!O26 -> 0 | F38: =IFERROR(E38/B38-1,0) -> -1 | G38: =MAX('Budżet 2026'!C26:N26) -> 326 | H38: =MIN('Budżet 2026'!C26:N26) -> 0 | R38: ='Budżet 2026'!B60 -> Netflix / Disney+ / Spotify | S38: ='Budżet 2026'!O60 -> 0 | T38: =S38+ROW()/1000000 -> 3.8e-05 | U38: Stałe | V38: ROZRYWKA I INNE
A39: TRANSPORT | B39: ='Budżet 2026'!O38 -> 50 | C39: =IFERROR(B39/$B$44,0) -> 0.0035909221 | D39: =B39/12 -> 4.1666667 | E39: ='Budżet 2027'!O38 -> 0 | F39: =IFERROR(E39/B39-1,0) -> -1 | G39: =MAX('Budżet 2026'!C38:N38) -> 50 | H39: =MIN('Budżet 2026'!C38:N38) -> 0 | R39: ='Budżet 2026'!B61 -> Kino / Teatr / Koncerty | S39: ='Budżet 2026'!O61 -> 100 | T39: =S39+ROW()/1000000 -> 100.00004 | U39: Zmienne | V39: ROZRYWKA I INNE
A40: ŻYCIE I ZDROWIE | B40: ='Budżet 2026'!O49 -> 2800 | C40: =IFERROR(B40/$B$44,0) -> 0.20109164 | D40: =B40/12 -> 233.33333 | E40: ='Budżet 2027'!O49 -> #REF! | F40: =IFERROR(E40/B40-1,0) -> 0 | G40: =MAX('Budżet 2026'!C49:N49) -> 2800 | H40: =MIN('Budżet 2026'!C49:N49) -> 0 | R40: ='Budżet 2026'!B62 -> Hobby / Akcesoria | S40: ='Budżet 2026'!O62 -> 0 | T40: =S40+ROW()/1000000 -> 4e-05 | U40: Zmienne | V40: ROZRYWKA I INNE
A41: ROZWÓJ I EDUKACJA | B41: ='Budżet 2026'!O57 -> 768 | C41: =IFERROR(B41/$B$44,0) -> 0.055156564 | D41: =B41/12 -> 64 | E41: ='Budżet 2027'!O57 -> 0 | F41: =IFERROR(E41/B41-1,0) -> -1 | G41: =MAX('Budżet 2026'!C57:N57) -> 768 | H41: =MIN('Budżet 2026'!C57:N57) -> 0 | R41: ='Budżet 2026'!B63 -> Zwierzęta (karma, weterynarz) | S41: ='Budżet 2026'!O63 -> 0 | T41: =S41+ROW()/1000000 -> 4.1e-05 | U41: Zmienne | V41: ROZRYWKA I INNE
A42: ROZRYWKA I INNE | B42: ='Budżet 2026'!O68 -> 1450 | C42: =IFERROR(B42/$B$44,0) -> 0.10413674 | D42: =B42/12 -> 120.83333 | E42: ='Budżet 2027'!O68 -> 0 | F42: =IFERROR(E42/B42-1,0) -> -1 | G42: =MAX('Budżet 2026'!C68:N68) -> 1450 | H42: =MIN('Budżet 2026'!C68:N68) -> 0 | R42: ='Budżet 2026'!B64 -> Dzieci (zajęcia, zabawki, kieszonkowe) | S42: ='Budżet 2026'!O64 -> 50 | T42: =S42+ROW()/1000000 -> 50.000042 | U42: Zmienne | V42: ROZRYWKA I INNE
A43: FINANSE I OSZCZĘDNOŚCI | B43: ='Budżet 2026'!O76 -> 8000 | C43: =IFERROR(B43/$B$44,0) -> 0.57454754 | D43: =B43/12 -> 666.66667 | E43: ='Budżet 2027'!O76 -> 0 | F43: =IFERROR(E43/B43-1,0) -> -1 | G43: =MAX('Budżet 2026'!C76:N76) -> 8000 | H43: =MIN('Budżet 2026'!C76:N76) -> 0 | R43: ='Budżet 2026'!B65 -> Prezenty | S43: ='Budżet 2026'!O65 -> 0 | T43: =S43+ROW()/1000000 -> 4.3e-05 | U43: Zmienne | V43: ROZRYWKA I INNE
A44: RAZEM | B44: =SUM(B38:B43) -> 13924 | C44: 100% | D44: =SUM(D38:D43) -> 1160.3333 | E44: =SUM(E38:E43) -> #REF! | F44: =IFERROR(E44/B44-1,0) -> 0 | G44: =SUM(G38:G43) -> 13394 | H44: =SUM(H38:H43) -> 0 | R44: ='Budżet 2026'!B66 -> Wyjścia z przyjaciółmi | S44: ='Budżet 2026'!O66 -> 300 | T44: =S44+ROW()/1000000 -> 300.00004 | U44: Zmienne | V44: ROZRYWKA I INNE
R45: ='Budżet 2026'!B67 -> Inne nieprzewidziane | S45: ='Budżet 2026'!O67 -> 1000 | T45: =S45+ROW()/1000000 -> 1000 | U45: Zmienne | V45: ROZRYWKA I INNE
A46: 4. TOP 10 NAJDROŻSZYCH POZYCJI 2026 | R46: ='Budżet 2026'!B71 -> Poduszka finansowa (Fundusz awaryjny) | S46: ='Budżet 2026'!O71 -> 0 | T46: =S46+ROW()/1000000 -> 4.6e-05 | U46: Oszczędności / inwestycje | V46: FINANSE I OSZCZĘDNOŚCI
A47: Lp. | B47: Pozycja | C47: Kwota roczna | D47: % wszystkich wydatków | E47: Średnio / miesiąc | R47: ='Budżet 2026'!B72 -> Konto emerytalne (IKE/IKZE) | S47: ='Budżet 2026'!O72 -> 0 | T47: =S47+ROW()/1000000 -> 4.7e-05 | U47: Oszczędności / inwestycje | V47: FINANSE I OSZCZĘDNOŚCI
A48: 1 | B48: =INDEX($R$4:$R$50,MATCH(LARGE($T$4:$T$50,1),$T$4:$T$50,0)) -> Inwestycje (Giełda/ETF) | C48: =ROUND(LARGE($T$4:$T$50,1),2) -> 8000 | D48: =IFERROR(C48/$B$44,0) -> 0.57454754 | E48: =C48/12 -> 666.66667 | R48: ='Budżet 2026'!B73 -> Inwestycje (Giełda/ETF) | S48: ='Budżet 2026'!O73 -> 8000 | T48: =S48+ROW()/1000000 -> 8000 | U48: Oszczędności / inwestycje | V48: FINANSE I OSZCZĘDNOŚCI
A49: 2 | B49: =INDEX($R$4:$R$50,MATCH(LARGE($T$4:$T$50,2),$T$4:$T$50,0)) -> Prywatne wizyty lekarskie | C49: =ROUND(LARGE($T$4:$T$50,2),2) -> 2000 | D49: =IFERROR(C49/$B$44,0) -> 0.14363689 | E49: =C49/12 -> 166.66667 | R49: ='Budżet 2026'!B74 -> Oszczędności celowe (Wakacje) | S49: ='Budżet 2026'!O74 -> 0 | T49: =S49+ROW()/1000000 -> 4.9e-05 | U49: Oszczędności / inwestycje | V49: FINANSE I OSZCZĘDNOŚCI
A50: 3 | B50: =INDEX($R$4:$R$50,MATCH(LARGE($T$4:$T$50,3),$T$4:$T$50,0)) -> Inne nieprzewidziane | C50: =ROUND(LARGE($T$4:$T$50,3),2) -> 1000 | D50: =IFERROR(C50/$B$44,0) -> 0.071818443 | E50: =C50/12 -> 83.333333 | R50: ='Budżet 2026'!B75 -> Spłata długów (poza ratami) | S50: ='Budżet 2026'!O75 -> 0 | T50: =S50+ROW()/1000000 -> 5e-05 | U50: Oszczędności / inwestycje | V50: FINANSE I OSZCZĘDNOŚCI
A51: 4 | B51: =INDEX($R$4:$R$50,MATCH(LARGE($T$4:$T$50,4),$T$4:$T$50,0)) -> Czesne za studia / Szkołę | C51: =ROUND(LARGE($T$4:$T$50,4),2) -> 768 | D51: =IFERROR(C51/$B$44,0) -> 0.055156564 | E51: =C51/12 -> 64
A52: 5 | B52: =INDEX($R$4:$R$50,MATCH(LARGE($T$4:$T$50,5),$T$4:$T$50,0)) -> Zakupy spożywcze (market) | C52: =ROUND(LARGE($T$4:$T$50,5),2) -> 500 | D52: =IFERROR(C52/$B$44,0) -> 0.035909221 | E52: =C52/12 -> 41.666667
A53: 6 | B53: =INDEX($R$4:$R$50,MATCH(LARGE($T$4:$T$50,6),$T$4:$T$50,0)) -> Internet / Wi-Fi | C53: =ROUND(LARGE($T$4:$T$50,6),2) -> 385 | D53: =IFERROR(C53/$B$44,0) -> 0.027650101 | E53: =C53/12 -> 32.083333
A54: 7 | B54: =INDEX($R$4:$R$50,MATCH(LARGE($T$4:$T$50,7),$T$4:$T$50,0)) -> Wyjścia z przyjaciółmi | C54: =ROUND(LARGE($T$4:$T$50,7),2) -> 300 | D54: =IFERROR(C54/$B$44,0) -> 0.021545533 | E54: =C54/12 -> 25
A55: 8 | B55: =INDEX($R$4:$R$50,MATCH(LARGE($T$4:$T$50,8),$T$4:$T$50,0)) -> Jedzenie na mieście / Catering | C55: =ROUND(LARGE($T$4:$T$50,8),2) -> 300 | D55: =IFERROR(C55/$B$44,0) -> 0.021545533 | E55: =C55/12 -> 25
A56: 9 | B56: =INDEX($R$4:$R$50,MATCH(LARGE($T$4:$T$50,9),$T$4:$T$50,0)) -> Prąd | C56: =ROUND(LARGE($T$4:$T$50,9),2) -> 271 | D56: =IFERROR(C56/$B$44,0) -> 0.019462798 | E56: =C56/12 -> 22.583333
A57: 10 | B57: =INDEX($R$4:$R$50,MATCH(LARGE($T$4:$T$50,10),$T$4:$T$50,0)) -> Gaz | C57: =ROUND(LARGE($T$4:$T$50,10),2) -> 200 | D57: =IFERROR(C57/$B$44,0) -> 0.014363689 | E57: =C57/12 -> 16.666667
A59: 5. KOSZTY STAŁE vs ZMIENNE (2026)
A60: Typ kosztu | B60: Kwota roczna | C60: % wydatków | D60: Średnio / miesiąc
A61: Stałe | B61: =SUMIF($U$4:$U$50,"Stałe",$S$4:$S$50) -> 1624 | C61: =IFERROR(B61/$B$44,0) -> 0.11663315 | D61: =B61/12 -> 135.33333
A62: Zmienne | B62: =SUMIF($U$4:$U$50,"Zmienne",$S$4:$S$50) -> 4300 | C62: =IFERROR(B62/$B$44,0) -> 0.3088193 | D62: =B62/12 -> 358.33333
A63: Oszczędności / inwestycje | B63: =SUMIF($U$4:$U$50,"Oszczędności / inwestycje",$S$4:$S$50) -> 8000 | C63: =IFERROR(B63/$B$44,0) -> 0.57454754 | D63: =B63/12 -> 666.66667
A65: 6. STATYSTYKI OPISOWE I WSKAŹNIKI 2026
A66: Wskaźnik | B66: Wartość | C66: Komentarz
A67: Średni miesięczny przychód | B67: =AVERAGE(B5:B16) -> 585.5 | C67: Średnia z 12 miesięcy planu.
A68: Średni miesięczny wydatek konsumpcyjny | B68: =AVERAGE(C5:C16) -> 493.66667 | C68: Bez oszczędności i inwestycji.
A69: Mediana wydatków miesięcznych | B69: =MEDIAN(C5:C16) -> 27.5 | C69: Odporna na miesiące nietypowe.
A70: Odchylenie standardowe wydatków | B70: =STDEV(C5:C16) -> 1540.861 | C70: Im wyżej, tym mniej przewidywalny budżet.
A71: Najdroższy miesiąc | B71: =INDEX(A5:A16,MATCH(MAX(C5:C16),C5:C16,0)) -> Lipiec | C71: Miesiąc o najwyższych wydatkach.
A72: Kwota w najdroższym miesiącu | B72: =MAX(C5:C16) -> 5378
A73: Najtańszy miesiąc | B73: =INDEX(A5:A16,MATCH(MIN(C5:C16),C5:C16,0)) -> Styczeń
A74: Kwota w najtańszym miesiącu | B74: =MIN(C5:C16) -> 0
A75: Roczna stopa oszczędności | B75: =G17 -> 0.156846 | C75: (Przychody − wydatki konsumpcyjne) / przychody.
A76: Cel stopy oszczędności | B76: =#REF! -> #REF! | C76: Parametr z arkusza Ustawienia.
A77: Realizacja celu | B77: =IFERROR(G17/#REF!,0) -> 0 | C77: Powyżej 100% = cel osiągnięty.
A78: Liczba miesięcy z ujemnym bilansem | B78: =COUNTIF(E5:E16,"<0") -> 5 | C78: Miesiące, w których wydatki przekraczają przychody.
A79: Koszt jednego dnia życia | B79: =C17/365 -> 16.230137 | C79: Roczne wydatki konsumpcyjne / 365.
A80: Największa kategoria kosztowa | B80: =INDEX(A38:A43,MATCH(MAX(B38:B43),B38:B43,0)) -> FINANSE I OSZCZĘDNOŚCI
A81: Udział największej kategorii | B81: =IFERROR(MAX(B38:B43)/B44,0) -> 0.57454754 | C81: Powyżej 40% = wysoka koncentracja.
A82: Roczne oszczędności + inwestycje | B82: =D17 -> 8000
A83: Wolne środki po roku (bilans) | B83: =E17 -> -6898 | C83: Nadwyżka poza zaplanowanymi oszczędnościami.
A84: Poduszka: ile miesięcy pokrywa | B84: =IFERROR((D17+E17)/(C17/12),0) -> 2.2322755 | C84: Roczna nadwyżka podzielona przez średni miesięczny koszt.
A85: Postęp do celu poduszki finansowej | B85: =IFERROR((D17+E17)/#REF!,0) -> 0 | C85: Wobec celu z arkusza Ustawienia.
A86: Kapitał po 5 latach (bez stopy zwrotu) | B86: =(D17+E17)*5 -> 5510 | C86: Prosta suma nadwyżek, założenie stałych warunków.
A87: Kapitał po 5 latach przy 7% r/r | B87: =FV(0.07,5,-(D17+E17),0,0) -> 6337.3144 | C87: ZAŁOŻENIE 7% rocznie — wartość hipotetyczna, nie prognoza.
A88: Liczba pozycji wypełnionych | B88: =COUNTIF($S$4:$S$50,">0") -> 13 | C88: Na 47 pozycji kosztowych w arkuszu.
A89: Liczba pozycji pustych | B89: =COUNTIF($S$4:$S$50,0) -> 34 | C89: Wymagają uzupełnienia — lista w sekcji 8.
A91: 7. BUDŻET KROCZĄCY 2026 — PLAN, PRZENIESIENIA I WYKONANIE
A92: Miesiąc | B92: Plan miesiąca | C92: Dostępne (plan + przeniesienie) | D92: Wykonanie | E92: Zostaje na kolejny miesiąc | F92: Przeniesienie z poprzedniego | G92: % wykorzystania budżetu
A93: Styczeń | B93: =#REF! -> #REF! | C93: =#REF! -> #REF! | D93: =#REF! -> #REF! | E93: =#REF! -> #REF! | F93: =C93-B93 -> #REF! | G93: =IFERROR(D93/C93,0) -> 0
A94: Luty | B94: =#REF! -> #REF! | C94: =#REF! -> #REF! | D94: =#REF! -> #REF! | E94: =#REF! -> #REF! | F94: =C94-B94 -> #REF! | G94: =IFERROR(D94/C94,0) -> 0
A95: Marzec | B95: =#REF! -> #REF! | C95: =#REF! -> #REF! | D95: =#REF! -> #REF! | E95: =#REF! -> #REF! | F95: =C95-B95 -> #REF! | G95: =IFERROR(D95/C95,0) -> 0
A96: Kwiecień | B96: =#REF! -> #REF! | C96: =#REF! -> #REF! | D96: =#REF! -> #REF! | E96: =#REF! -> #REF! | F96: =C96-B96 -> #REF! | G96: =IFERROR(D96/C96,0) -> 0
A97: Maj | B97: =#REF! -> #REF! | C97: =#REF! -> #REF! | D97: =#REF! -> #REF! | E97: =#REF! -> #REF! | F97: =C97-B97 -> #REF! | G97: =IFERROR(D97/C97,0) -> 0
A98: Czerwiec | B98: =#REF! -> #REF! | C98: =#REF! -> #REF! | D98: =#REF! -> #REF! | E98: =#REF! -> #REF! | F98: =C98-B98 -> #REF! | G98: =IFERROR(D98/C98,0) -> 0
A99: Lipiec | B99: =#REF! -> #REF! | C99: =#REF! -> #REF! | D99: =#REF! -> #REF! | E99: =#REF! -> #REF! | F99: =C99-B99 -> #REF! | G99: =IFERROR(D99/C99,0) -> 0
A100: Sierpień | B100: =#REF! -> #REF! | C100: =#REF! -> #REF! | D100: =#REF! -> #REF! | E100: =#REF! -> #REF! | F100: =C100-B100 -> #REF! | G100: =IFERROR(D100/C100,0) -> 0
A101: Wrzesień | B101: =#REF! -> #REF! | C101: =#REF! -> #REF! | D101: =#REF! -> #REF! | E101: =#REF! -> #REF! | F101: =C101-B101 -> #REF! | G101: =IFERROR(D101/C101,0) -> 0
A102: Październik | B102: =#REF! -> #REF! | C102: =#REF! -> #REF! | D102: =#REF! -> #REF! | E102: =#REF! -> #REF! | F102: =C102-B102 -> #REF! | G102: =IFERROR(D102/C102,0) -> 0
A103: Listopad | B103: =#REF! -> #REF! | C103: =#REF! -> #REF! | D103: =#REF! -> #REF! | E103: =#REF! -> #REF! | F103: =C103-B103 -> #REF! | G103: =IFERROR(D103/C103,0) -> 0
...

Sheet Budżet 2026
A1: Kategoria | B1: Szczegółowa pozycja | C1: Styczeń | D1: Luty | E1: Marzec | F1: Kwiecień | G1: Maj | H1: Czerwiec | I1: Lipiec | J1: Sierpień | K1: Wrzesień | L1: Październik | M1: Listopad | N1: Grudzień | O1: SUMA ROK
A2: PRZYCHODY
A3: PRZYCHODY | B3: Wynagrodzenie (etat/podstawa) | O3: =SUM(C3:N3) -> 0
A4: PRZYCHODY | B4: Premie/Bonusy | O4: =SUM(C4:N4) -> 0
A5: PRZYCHODY | B5: Działalność gospodarcza (netto) | O5: =SUM(C5:N5) -> 0
A6: PRZYCHODY | B6: Freelance / Zlecenia | O6: =SUM(C6:N6) -> 0
A7: PRZYCHODY | B7: Dochód pasywny (dywidendy/najem) | O7: =SUM(C7:N7) -> 0
A8: PRZYCHODY | B8: Świadczenia (800+, alimenty) | O8: =SUM(C8:N8) -> 0
A9: PRZYCHODY | B9: Zwrot podatku | O9: =SUM(C9:N9) -> 0
A10: PRZYCHODY | B10: Inne przychody | I10: =1100 + 2963 -> 4063 | J10: 2963 | O10: =SUM(C10:N10) -> 7026
A11: PRZYCHODY | B11: RAZEM PRZYCHODY | C11: =SUM(C3:C10) -> 0 | D11: =SUM(D3:D10) -> 0 | E11: =SUM(E3:E10) -> 0 | F11: =SUM(F3:F10) -> 0 | G11: =SUM(G3:G10) -> 0 | H11: =SUM(H3:H10) -> 0 | I11: =SUM(I3:I10) -> 4063 | J11: =SUM(J3:J10) -> 2963 | ... O11: =SUM(O3:O10) -> 7026
A13: MIESZKANIE
A14: MIESZKANIE | B14: Czynsz / Rata kredytu | O14: =SUM(C14:N14) -> 0
A15: MIESZKANIE | B15: Czynsz administracyjny | O15: =SUM(C15:N15) -> 0
A16: MIESZKANIE | B16: Prąd | J16: 271 | O16: =SUM(C16:N16) -> 271
A17: MIESZKANIE | B17: Woda i ścieki | O17: =SUM(C17:N17) -> 0
A18: MIESZKANIE | B18: Gaz | I18: 200 | O18: =SUM(C18:N18) -> 200
A19: MIESZKANIE | B19: Ogrzewanie | O19: =SUM(C19:N19) -> 0
A20: MIESZKANIE | B20: Wywóz nieczystości | O20: =SUM(C20:N20) -> 0
A21: MIESZKANIE | B21: Internet / Wi-Fi | I21: 110 | J21: 55 | K21: 55 | L21: 55 | M21: 55 | N21: 55 | O21: =SUM(C21:N21) -> 385
A22: MIESZKANIE | B22: Telewizja | O22: =SUM(C22:N22) -> 0
A23: MIESZKANIE | B23: Ubezpieczenie nieruchomości | O23: =SUM(C23:N23) -> 0
A24: MIESZKANIE | B24: Serwis/Naprawy domowe | O24: =SUM(C24:N24) -> 0
A25: MIESZKANIE | B25: Środki czystości/Chemia | O25: =SUM(C25:N25) -> 0
A26: MIESZKANIE | B26: RAZEM MIESZKANIE | C26: =SUM(C14:C25) -> 0 | D26: =SUM(D14:D25) -> 0 | E26: =SUM(E14:E25) -> 0 | F26: =SUM(F14:F25) -> 0 | G26: =SUM(G14:G25) -> 0 | H26: =SUM(H14:H25) -> 0 | I26: =SUM(I14:I25) -> 310 | J26: =SUM(J14:J25) -> 326 | ... O26: =SUM(O14:O25) -> 856
A28: TRANSPORT
A29: TRANSPORT | B29: Paliwo | O29: =SUM(C29:N29) -> 0
A30: TRANSPORT | B30: Rata kredytu/leasingu auta | O30: =SUM(C30:N30) -> 0
A31: TRANSPORT | B31: Ubezpieczenie (OC/AC) | O31: =SUM(C31:N31) -> 0
A32: TRANSPORT | B32: Przegląd techniczny / Serwis | O32: =SUM(C32:N32) -> 0
A33: TRANSPORT | B33: Opony (wymiana/serwis) | O33: =SUM(C33:N33) -> 0
A34: TRANSPORT | B34: Bilety komunikacji miejskiej / PKP | I34: 50 | O34: =SUM(C34:N34) -> 50
A35: TRANSPORT | B35: Taxi / Uber / Bolt | O35: =SUM(C35:N35) -> 0
A36: TRANSPORT | B36: Parkingi / Autostrady | O36: =SUM(C36:N36) -> 0
A37: TRANSPORT | B37: Akcesoria samochodowe | O37: =SUM(C37:N37) -> 0
A38: TRANSPORT | B38: RAZEM TRANSPORT | C38: =SUM(C29:C37) -> 0 | D38: =SUM(D29:D37) -> 0 | E38: =SUM(E29:E37) -> 0 | F38: =SUM(F29:F37) -> 0 | G38: =SUM(G29:G37) -> 0 | H38: =SUM(H29:H37) -> 0 | I38: =SUM(I29:I37) -> 50 | J38: =SUM(J29:J37) -> 0 | ... O38: =SUM(O29:O37) -> 50
A40: ŻYCIE I ZDROWIE
A41: ŻYCIE I ZDROWIE | B41: Zakupy spożywcze (market) | I41: 500 | O41: =SUM(C41:N41) -> 500
A42: ŻYCIE I ZDROWIE | B42: Jedzenie na mieście / Catering | I42: 300 | O42: =SUM(C42:N42) -> 300
A43: ŻYCIE I ZDROWIE | B43: Prywatne wizyty lekarskie | I43: 2000 | O43: =SUM(C43:N43) -> 2000
A44: ŻYCIE I ZDROWIE | B44: Leki i suplementy | O44: =SUM(C44:N44) -> 0
A45: ŻYCIE I ZDROWIE | B45: Dentysta | O45: =SUM(C45:N45) -> 0
A46: ŻYCIE I ZDROWIE | B46: Karnet sportowy / Siłownia | O46: =SUM(C46:N46) -> 0
A47: ŻYCIE I ZDROWIE | B47: Kosmetyczka / Fryzjer | O47: =SUM(C47:N47) -> 0
A48: ŻYCIE I ZDROWIE | B48: Odzież i obuwie | O48: =SUM(C48:N48) -> 0
A49: ŻYCIE I ZDROWIE | B49: RAZEM ŻYCIE I ZDROWIE | C49: =SUM(C41:C48) -> 0 | D49: =SUM(D41:D48) -> 0 | E49: =SUM(E41:E48) -> 0 | F49: =SUM(F41:F48) -> 0 | G49: =SUM(G41:G48) -> 0 | H49: =SUM(H41:H48) -> 0 | I49: =SUM(I41:I48) -> 2800 | J49: =SUM(J41:J48) -> 0 | ... O49: =SUM(O41:O48) -> 2800
A51: ROZWÓJ I EDUKACJA
A52: ROZWÓJ I EDUKACJA | B52: Czesne za studia / Szkołę | I52: 768 | O52: =SUM(C52:N52) -> 768
A53: ROZWÓJ I EDUKACJA | B53: Kursy online / Szkolenia | O53: =SUM(C53:N53) -> 0
A54: ROZWÓJ I EDUKACJA | B54: Książki / E-booki | O54: =SUM(C54:N54) -> 0
A55: ROZWÓJ I EDUKACJA | B55: Subskrypcje edukacyjne | O55: =SUM(C55:N55) -> 0
A56: ROZWÓJ I EDUKACJA | B56: Sprzęt edukacyjny (laptop, tablet) | O56: =SUM(C56:N56) -> 0
A57: ROZWÓJ I EDUKACJA | B57: RAZEM ROZWÓJ I EDUKACJA | C57: =SUM(C52:C56) -> 0 | D57: =SUM(D52:D56) -> 0 | E57: =SUM(E52:E56) -> 0 | F57: =SUM(F52:F56) -> 0 | G57: =SUM(G52:G56) -> 0 | H57: =SUM(H52:H56) -> 0 | I57: =SUM(I52:I56) -> 768 | J57: =SUM(J52:J56) -> 0 | ... O57: =SUM(O52:O56) -> 768
A59: ROZRYWKA I INNE
A60: ROZRYWKA I INNE | B60: Netflix / Disney+ / Spotify | O60: =SUM(C60:N60) -> 0
A61: ROZRYWKA I INNE | B61: Kino / Teatr / Koncerty | I61: 100 | O61: =SUM(C61:N61) -> 100
A62: ROZRYWKA I INNE | B62: Hobby / Akcesoria | O62: =SUM(C62:N62) -> 0
A63: ROZRYWKA I INNE | B63: Zwierzęta (karma, weterynarz) | O63: =SUM(C63:N63) -> 0
A64: ROZRYWKA I INNE | B64: Dzieci (zajęcia, zabawki, kieszonkowe) | I64: 50 | O64: =SUM(C64:N64) -> 50
A65: ROZRYWKA I INNE | B65: Prezenty | O65: =SUM(C65:N65) -> 0
A66: ROZRYWKA I INNE | B66: Wyjścia z przyjaciółmi | I66: 300 | O66: =SUM(C66:N66) -> 300
A67: ROZRYWKA I INNE | B67: Inne nieprzewidziane | I67: 1000 | O67: =SUM(C67:N67) -> 1000
A68: ROZRYWKA I INNE | B68: RAZEM ROZRYWKA I INNE | C68: =SUM(C60:C67) -> 0 | D68: =SUM(D60:D67) -> 0 | E68: =SUM(E60:E67) -> 0 | F68: =SUM(F60:F67) -> 0 | G68: =SUM(G60:G67) -> 0 | H68: =SUM(H60:H67) -> 0 | I68: =SUM(I60:I67) -> 1450 | J68: =SUM(J60:J67) -> 0 | ... O68: =SUM(O60:O67) -> 1450
A70: FINANSE I OSZCZĘDNOŚCI
A71: FINANSE I OSZCZĘDNOŚCI | B71: Poduszka finansowa (Fundusz awaryjny) | O71: =SUM(C71:N71) -> 0
A72: FINANSE I OSZCZĘDNOŚCI | B72: Konto emerytalne (IKE/IKZE) | O72: =SUM(C72:N72) -> 0
A73: FINANSE I OSZCZĘDNOŚCI | B73: Inwestycje (Giełda/ETF) | I73: 8000 | O73: =SUM(C73:N73) -> 8000
A74: FINANSE I OSZCZĘDNOŚCI | B74: Oszczędności celowe (Wakacje) | O74: =SUM(C74:N74) -> 0
A75: FINANSE I OSZCZĘDNOŚCI | B75: Spłata długów (poza ratami) | O75: =SUM(C75:N75) -> 0
A76: FINANSE I OSZCZĘDNOŚCI | B76: RAZEM FINANSE I OSZCZĘDNOŚCI | C76: =SUM(C71:C75) -> 0 | D76: =SUM(D71:D75) -> 0 | E76: =SUM(E71:E75) -> 0 | F76: =SUM(F71:F75) -> 0 | G76: =SUM(G71:G75) -> 0 | H76: =SUM(H71:H75) -> 0 | I76: =SUM(I71:I75) -> 8000 | J76: =SUM(J71:J75) -> 0 | ... O76: =SUM(O71:O75) -> 8000
A78: PODSUMOWANIE | B78: Kategoria główna
A79: PODSUMOWANIE | B79: ŁĄCZNE PRZYCHODY | C79: =C11 -> 0 | D79: =D11 -> 0 | E79: =E11 -> 0 | F79: =F11 -> 0 | G79: =G11 -> 0 | H79: =H11 -> 0 | I79: =I11 -> 4063 | J79: =J11 -> 2963 | ... O79: =O11 -> 7026
A80: PODSUMOWANIE | B80: ŁĄCZNE WYDATKI I OSZCZĘDNOŚCI | C80: =C26+C38+C49+C57+C68+C76 -> 0 | D80: =D26+D38+D49+D57+D68+D76 -> 0 | E80: =E26+E38+E49+E57+E68+E76 -> 0 | F80: =F26+F38+F49+F57+F68+F76 -> 0 | G80: =G26+G38+G49+G57+G68+G76 -> 0 | H80: =H26+H38+H49+H57+H68+H76 -> 0 | I80: =I26+I38+I49+I57+I68+I76 -> 13378 | J80: =J26+J38+J49+J57+J68+J76 -> 326 | ... O80: =O26+O38+O49+O57+O68+O76 -> 13924
A81: PODSUMOWANIE | B81: BILANS (OSZCZĘDNOŚCI NETTO) | C81: =C79-C80 -> 0 | D81: =D79-D80 -> 0 | E81: =E79-E80 -> 0 | F81: =F79-F80 -> 0 | G81: =G79-G80 -> 0 | H81: =H79-H80 -> 0 | I81: =I79-I80 -> -9315 | J81: =J79-J80 -> 2637 | ... O81: =O79-O80 -> -6898

Sheet Budżet 2027
A1: Kategoria | B1: Szczegółowa pozycja | C1: Styczeń | D1: Luty | E1: Marzec | F1: Kwiecień | G1: Maj | H1: Czerwiec | I1: Lipiec | J1: Sierpień | K1: Wrzesień | L1: Październik | M1: Listopad | N1: Grudzień | O1: SUMA ROK
A2: PRZYCHODY
A3: PRZYCHODY | B3: Wynagrodzenie (etat/podstawa) | O3: =SUM(C3:N3) -> 0
A4: PRZYCHODY | B4: Premie/Bonusy | O4: =SUM(C4:N4) -> 0
A5: PRZYCHODY | B5: Działalność gospodarcza (netto) | O5: =SUM(C5:N5) -> 0
A6: PRZYCHODY | B6: Freelance / Zlecenia | O6: =SUM(C6:N6) -> 0
A7: PRZYCHODY | B7: Dochód pasywny (dywidendy/najem) | O7: =SUM(C7:N7) -> 0
A8: PRZYCHODY | B8: Świadczenia (800+, alimenty) | O8: =SUM(C8:N8) -> 0
A9: PRZYCHODY | B9: Zwrot podatku | O9: =SUM(C9:N9) -> 0
A10: PRZYCHODY | B10: Inne przychody | O10: =SUM(C10:N10) -> 0
A11: PRZYCHODY | B11: RAZEM PRZYCHODY | C11: =SUM(C3:C10) -> 0 | D11: =SUM(D3:D10) -> 0 | E11: =SUM(E3:E10) -> 0 | F11: =SUM(F3:F10) -> 0 | G11: =SUM(G3:G10) -> 0 | H11: =SUM(H3:H10) -> 0 | I11: =SUM(I3:I10) -> 0 | J11: =SUM(J3:J10) -> 0 | ... O11: =SUM(O3:O10) -> 0
A13: MIESZKANIE
A14: MIESZKANIE | B14: Czynsz / Rata kredytu | O14: =SUM(C14:N14) -> 0
A15: MIESZKANIE | B15: Czynsz administracyjny | O15: =SUM(C15:N15) -> 0
A16: MIESZKANIE | B16: Prąd | O16: =SUM(C16:N16) -> 0
A17: MIESZKANIE | B17: Woda i ścieki | O17: =SUM(C17:N17) -> 0
A18: MIESZKANIE | B18: Gaz | O18: =SUM(C18:N18) -> 0
A19: MIESZKANIE | B19: Ogrzewanie | O19: =SUM(C19:N19) -> 0
A20: MIESZKANIE | B20: Wywóz nieczystości | O20: =SUM(C20:N20) -> 0
A21: MIESZKANIE | B21: Internet / Wi-Fi | O21: =SUM(C21:N21) -> 0
A22: MIESZKANIE | B22: Telewizja | O22: =SUM(C22:N22) -> 0
A23: MIESZKANIE | B23: Ubezpieczenie nieruchomości | O23: =SUM(C23:N23) -> 0
A24: MIESZKANIE | B24: Serwis/Naprawy domowe | O24: =SUM(C24:N24) -> 0
A25: MIESZKANIE | B25: Środki czystości/Chemia | O25: =SUM(C25:N25) -> 0
A26: MIESZKANIE | B26: RAZEM MIESZKANIE | C26: =SUM(C14:C25) -> 0 | D26: =SUM(D14:D25) -> 0 | E26: =SUM(E14:E25) -> 0 | F26: =SUM(F14:F25) -> 0 | G26: =SUM(G14:G25) -> 0 | H26: =SUM(H14:H25) -> 0 | I26: =SUM(I14:I25) -> 0 | J26: =SUM(J14:J25) -> 0 | ... O26: =SUM(O14:O25) -> 0
A28: TRANSPORT
A29: TRANSPORT | B29: Paliwo | O29: =SUM(C29:N29) -> 0
A30: TRANSPORT | B30: Rata kredytu/leasingu auta | O30: =SUM(C30:N30) -> 0
A31: TRANSPORT | B31: Ubezpieczenie (OC/AC) | O31: =SUM(C31:N31) -> 0
A32: TRANSPORT | B32: Przegląd techniczny / Serwis | O32: =SUM(C32:N32) -> 0
A33: TRANSPORT | B33: Opony (wymiana/serwis) | O33: =SUM(C33:N33) -> 0
A34: TRANSPORT | B34: Bilety komunikacji miejskiej / PKP | O34: =SUM(C34:N34) -> 0
A35: TRANSPORT | B35: Taxi / Uber / Bolt | O35: =SUM(C35:N35) -> 0
A36: TRANSPORT | B36: Parkingi / Autostrady | O36: =SUM(C36:N36) -> 0
A37: TRANSPORT | B37: Akcesoria samochodowe | O37: =SUM(C37:N37) -> 0
A38: TRANSPORT | B38: RAZEM TRANSPORT | C38: =SUM(C29:C37) -> 0 | D38: =SUM(D29:D37) -> 0 | E38: =SUM(E29:E37) -> 0 | F38: =SUM(F29:F37) -> 0 | G38: =SUM(G29:G37) -> 0 | H38: =SUM(H29:H37) -> 0 | I38: =SUM(I29:I37) -> 0 | J38: =SUM(J29:J37) -> 0 | ... O38: =SUM(O29:O37) -> 0
A40: ŻYCIE I ZDROWIE
A41: ŻYCIE I ZDROWIE | B41: Zakupy spożywcze (market) | C41: ='Budżet 2026'!C41*(1+#REF!) -> #REF! | D41: ='Budżet 2026'!D41*(1+#REF!) -> #REF! | E41: ='Budżet 2026'!E41*(1+#REF!) -> #REF! | F41: ='Budżet 2026'!F41*(1+#REF!) -> #REF! | G41: ='Budżet 2026'!G41*(1+#REF!) -> #REF! | H41: ='Budżet 2026'!H41*(1+#REF!) -> #REF! | I41: ='Budżet 2026'!I41*(1+#REF!) -> #REF! | J41: ='Budżet 2026'!J41*(1+#REF!) -> #REF! | ... N41: ='Budżet 2026'!N41*(1+#REF!) -> #REF! | O41: =SUM(C41:N41) -> #REF!
A42: ŻYCIE I ZDROWIE | B42: Jedzenie na mieście / Catering | C42: ='Budżet 2026'!C42*(1+#REF!) -> #REF! | D42: ='Budżet 2026'!D42*(1+#REF!) -> #REF! | E42: ='Budżet 2026'!E42*(1+#REF!) -> #REF! | F42: ='Budżet 2026'!F42*(1+#REF!) -> #REF! | G42: ='Budżet 2026'!G42*(1+#REF!) -> #REF! | H42: ='Budżet 2026'!H42*(1+#REF!) -> #REF! | I42: ='Budżet 2026'!I42*(1+#REF!) -> #REF! | J42: ='Budżet 2026'!J42*(1+#REF!) -> #REF! | ... N42: ='Budżet 2026'!N42*(1+#REF!) -> #REF! | O42: =SUM(C42:N42) -> #REF!
A43: ŻYCIE I ZDROWIE | B43: Prywatne wizyty lekarskie | C43: ='Budżet 2026'!C43*(1+#REF!) -> #REF! | D43: ='Budżet 2026'!D43*(1+#REF!) -> #REF! | E43: ='Budżet 2026'!E43*(1+#REF!) -> #REF! | F43: ='Budżet 2026'!F43*(1+#REF!) -> #REF! | G43: ='Budżet 2026'!G43*(1+#REF!) -> #REF! | H43: ='Budżet 2026'!H43*(1+#REF!) -> #REF! | I43: ='Budżet 2026'!I43*(1+#REF!) -> #REF! | J43: ='Budżet 2026'!J43*(1+#REF!) -> #REF! | ... N43: ='Budżet 2026'!N43*(1+#REF!) -> #REF! | O43: =SUM(C43:N43) -> #REF!
A44: ŻYCIE I ZDROWIE | B44: Leki i suplementy | O44: =SUM(C44:N44) -> 0
A45: ŻYCIE I ZDROWIE | B45: Dentysta | O45: =SUM(C45:N45) -> 0
A46: ŻYCIE I ZDROWIE | B46: Karnet sportowy / Siłownia | O46: =SUM(C46:N46) -> 0
A47: ŻYCIE I ZDROWIE | B47: Kosmetyczka / Fryzjer | O47: =SUM(C47:N47) -> 0
A48: ŻYCIE I ZDROWIE | B48: Odzież i obuwie | O48: =SUM(C48:N48) -> 0
A49: ŻYCIE I ZDROWIE | B49: RAZEM ŻYCIE I ZDROWIE | C49: =SUM(C41:C48) -> #REF! | D49: =SUM(D41:D48) -> #REF! | E49: =SUM(E41:E48) -> #REF! | F49: =SUM(F41:F48) -> #REF! | G49: =SUM(G41:G48) -> #REF! | H49: =SUM(H41:H48) -> #REF! | I49: =SUM(I41:I48) -> #REF! | J49: =SUM(J41:J48) -> #REF! | ... O49: =SUM(O41:O48) -> #REF!
A51: ROZWÓJ I EDUKACJA
A52: ROZWÓJ I EDUKACJA | B52: Czesne za studia / Szkołę | O52: =SUM(C52:N52) -> 0
A53: ROZWÓJ I EDUKACJA | B53: Kursy online / Szkolenia | O53: =SUM(C53:N53) -> 0
A54: ROZWÓJ I EDUKACJA | B54: Książki / E-booki | O54: =SUM(C54:N54) -> 0
A55: ROZWÓJ I EDUKACJA | B55: Subskrypcje edukacyjne | O55: =SUM(C55:N55) -> 0
A56: ROZWÓJ I EDUKACJA | B56: Sprzęt edukacyjny (laptop, tablet) | O56: =SUM(C56:N56) -> 0
A57: ROZWÓJ I EDUKACJA | B57: RAZEM ROZWÓJ I EDUKACJA | C57: =SUM(C52:C56) -> 0 | D57: =SUM(D52:D56) -> 0 | E57: =SUM(E52:E56) -> 0 | F57: =SUM(F52:F56) -> 0 | G57: =SUM(G52:G56) -> 0 | H57: =SUM(H52:H56) -> 0 | I57: =SUM(I52:I56) -> 0 | J57: =SUM(J52:J56) -> 0 | ... O57: =SUM(O52:O56) -> 0
A59: ROZRYWKA I INNE
A60: ROZRYWKA I INNE | B60: Netflix / Disney+ / Spotify | O60: =SUM(C60:N60) -> 0
A61: ROZRYWKA I INNE | B61: Kino / Teatr / Koncerty | O61: =SUM(C61:N61) -> 0
A62: ROZRYWKA I INNE | B62: Hobby / Akcesoria | O62: =SUM(C62:N62) -> 0
A63: ROZRYWKA I INNE | B63: Zwierzęta (karma, weterynarz) | O63: =SUM(C63:N63) -> 0
A64: ROZRYWKA I INNE | B64: Dzieci (zajęcia, zabawki, kieszonkowe) | O64: =SUM(C64:N64) -> 0
A65: ROZRYWKA I INNE | B65: Prezenty | O65: =SUM(C65:N65) -> 0
A66: ROZRYWKA I INNE | B66: Wyjścia z przyjaciółmi | O66: =SUM(C66:N66) -> 0
A67: ROZRYWKA I INNE | B67: Inne nieprzewidziane | O67: =SUM(C67:N67) -> 0
A68: ROZRYWKA I INNE | B68: RAZEM ROZRYWKA I INNE | C68: =SUM(C60:C67) -> 0 | D68: =SUM(D60:D67) -> 0 | E68: =SUM(E60:E67) -> 0 | F68: =SUM(F60:F67) -> 0 | G68: =SUM(G60:G67) -> 0 | H68: =SUM(H60:H67) -> 0 | I68: =SUM(I60:I67) -> 0 | J68: =SUM(J60:J67) -> 0 | ... O68: =SUM(O60:O67) -> 0
A70: FINANSE I OSZCZĘDNOŚCI
A71: FINANSE I OSZCZĘDNOŚCI | B71: Poduszka finansowa (Fundusz awaryjny) | O71: =SUM(C71:N71) -> 0
A72: FINANSE I OSZCZĘDNOŚCI | B72: Konto emerytalne (IKE/IKZE) | O72: =SUM(C72:N72) -> 0
A73: FINANSE I OSZCZĘDNOŚCI | B73: Inwestycje (Giełda/ETF) | O73: =SUM(C73:N73) -> 0
A74: FINANSE I OSZCZĘDNOŚCI | B74: Oszczędności celowe (Wakacje) | O74: =SUM(C74:N74) -> 0
A75: FINANSE I OSZCZĘDNOŚCI | B75: Spłata długów (poza ratami) | O75: =SUM(C75:N75) -> 0
A76: FINANSE I OSZCZĘDNOŚCI | B76: RAZEM FINANSE I OSZCZĘDNOŚCI | C76: =SUM(C71:C75) -> 0 | D76: =SUM(D71:D75) -> 0 | E76: =SUM(E71:E75) -> 0 | F76: =SUM(F71:F75) -> 0 | G76: =SUM(G71:G75) -> 0 | H76: =SUM(H71:H75) -> 0 | I76: =SUM(I71:I75) -> 0 | J76: =SUM(J71:J75) -> 0 | ... O76: =SUM(O71:O75) -> 0
A78: PODSUMOWANIE | B78: Kategoria główna
A79: PODSUMOWANIE | B79: ŁĄCZNE PRZYCHODY | C79: =C11 -> 0 | D79: =D11 -> 0 | E79: =E11 -> 0 | F79: =F11 -> 0 | G79: =G11 -> 0 | H79: =H11 -> 0 | I79: =I11 -> 0 | J79: =J11 -> 0 | ... O79: =O11 -> 0
A80: PODSUMOWANIE | B80: ŁĄCZNE WYDATKI I OSZCZĘDNOŚCI | C80: =C26+C38+C49+C57+C68+C76 -> #REF! | D80: =D26+D38+D49+D57+D68+D76 -> #REF! | E80: =E26+E38+E49+E57+E68+E76 -> #REF! | F80: =F26+F38+F49+F57+F68+F76 -> #REF! | G80: =G26+G38+G49+G57+G68+G76 -> #REF! | H80: =H26+H38+H49+H57+H68+H76 -> #REF! | I80: =I26+I38+I49+I57+I68+I76 -> #REF! | J80: =J26+J38+J49+J57+J68+J76 -> #REF! | ... O80: =O26+O38+O49+O57+O68+O76 -> #REF!
A81: PODSUMOWANIE | B81: BILANS (OSZCZĘDNOŚCI NETTO) | C81: =C79-C80 -> #REF! | D81: =D79-D80 -> #REF! | E81: =E79-E80 -> #REF! | F81: =F79-F80 -> #REF! | G81: =G79-G80 -> #REF! | H81: =H79-H80 -> #REF! | I81: =I79-I80 -> #REF! | J81: =J79-J80 -> #REF! | ... O81: =O79-O80 -> #REF!
